1118	254	17	AFA	1054737	0	AFA
1118	196	32	ALLMAKES	674131	0	ALLMAKES
918	442	49	ASHUKI	2427903	0	ASHUKI
1118	143	88	BERGA	3719534	0	BERGA
1118	30	106	BOSCH	3294688	0	BOSCH
1118	4455	124	BSG	927049	0	BSG
418	376	148	CENTRA	63061	0	CENTRA
1118	421	160	COMLINE	933350	0	COMLINE
1118	4434	161	CONTINENTAL	1069577977	0	CONTINENTAL
1118	89	178	DELPHI	976731	0	DELPHI
418	434	183	DETA	776856	0	DETA
1118	355	203	DT Spare Parts	1295065	0	DT Spare Parts
918	4881	209	DYNAMAX	1071697384	0	DYNAMAX
1118	443	227	ENERGIZER	365834	0	ENERGIZER
1118	4391	242	EUROREPAR	1072409492	0	EUROREPAR
418	24	246	EXIDE	2379837	0	EXIDE
1118	4938	255	FAST	1070736469	0	FAST
418	241	289	FULMEN	1072209276	0	FULMEN
1118	4452	315	GS	1072582308	0	GS
1118	238	351	IPSA	2031818	0	IPSA
1118	268	360	JP GROUP	1782002	0	JP GROUP
1118	95	420	MAGNETI MARELLI	3423403	0	MAGNETI MARELLI
1118	133	425	MAPCO	1810484	0	MAPCO
1118	358	426	MASTER-SPORT	206838	0	MASTER-SPORT
1118	403	427	MAXGEAR	2813326	0	MAXGEAR
1118	4564	455	MOTAQUIP	1070723839	0	MOTAQUIP
918	440	477	NPS	1072132535	0	NPS
1118	4380	485	Omnicraft	1072705992	0	Omnicraft
1118	378	486	OPEN PARTS	1071179127	0	OPEN PARTS
118	4338	515	PLATINUM	1172753	0	PLATINUM
1118	57	534	QUINTON HAZELL	5719541	0	QUINTON HAZELL
1118	4596	561	SAFA	1073513995	0	SAFA
918	4547	562	SAKURA	390368	0	SAKURA
418	375	594	SONNAK	1070936431	0	SONNAK
418	212	643	TUDOR	4088161	0	TUDOR
1118	26	663	VARTA	3247017	0	VARTA
1118	83	665	VDO	4602837	0	VDO
1118	183	668	VEMO	1328304	0	VEMO
318	4963	676	VMF	1068467814	0	VMF
1118	4451	698	YUASA	1073380416	0	YUASA
418	4533	8	ACEMARK	1072391414	0	ACEMARK
1118	4528	13	AD KÜHNER	1837486	0	AD KÜHNER
1118	4886	16	AES	1070005211	0	AES
418	4504	19	AINDE	47187	0	AINDE
918	479	27	ALANKO	1071649585	0	ALANKO
917	4976	35	AMD	1071995912	0	AMD
218	4534	36	AMK	1073227700	0	AMK
1118	4576	47	ASAM	1071375700	0	ASAM
1118	257	48	ASHIKA	1235960	0	ASHIKA
318	4843	52	AS-PL	1070423874	0	AS-PL
1118	412	58	ATL Autotechnik	1045458	0	ATL Autotechnik
1118	4495	59	AUGER	1072020030	0	AUGER
1118	4842	64	AUTOELECTRO	1070774617	0	AUTOELECTRO
1118	323	68	AUTOMEGA	1917169	0	AUTOMEGA
918	4464	72	AUTOTEAM	1071595612	0	AUTOTEAM
1118	350	98	BLUE PRINT	333320	0	BLUE PRINT
1118	475	101	BORG & BECK	1072817050	0	BORG & BECK
1118	4815	103	Borsehung	1068586271	0	Borsehung
1118	177	126	BTS Turbo	3660096	0	BTS Turbo
1118	157	130	BUGIAD	1072059625	0	BUGIAD
1018	28	131	BV PSH	3879887	0	BV PSH
1118	484	143	CASCO	1071786226	0	CASCO
1118	393	149	CEVAM	1070866437	0	CEVAM
1118	4553	172	CTR	1734219	0	CTR
1118	332	174	DA SILVA	1881954	0	DA SILVA
1118	66	180	DENSO	4736879	0	DENSO
1118	4882	187	DIPASPORT	1073165127	0	DIPASPORT
1118	460	199	DRI	487189	0	DRI
118	4359	211	EAA	1072782717	0	EAA
1118	391	212	EAI	1469981	0	EAI
1118	457	217	EDR	247798	0	EDR
1118	226	223	ELSTOCK	2061059	0	ELSTOCK
1118	234	230	ERA	1073672106	0	ERA
1118	224	231	ERA Benelux	1071571140	0	ERA Benelux
1118	4514	235	ET ENGINETEAM	1071982354	0	ET ENGINETEAM
1118	337	243	EUROTEC	374314	0	EUROTEC
1118	90	253	FARCOM	5122724	0	FARCOM
1118	101	258	FEBI BILSTEIN	2384170	0	FEBI BILSTEIN
818	271	260	FENOX	1071793797	0	FENOX
918	87	285	FRIESEN	1983662	0	FRIESEN
1118	4379	298	GEBE	1898809	0	GEBE
818	4819	324	HC-Cargo	1067794701	0	HC-Cargo
1118	2	325	HELLA	5796655	0	HELLA
1118	72	330	HERTH+BUSS ELPARTS	1073531334	0	HERTH+BUSS ELPARTS
1118	55	331	HERTH+BUSS JAKOPARTS	4061570	0	HERTH+BUSS JAKOPARTS
1118	449	333	HITACHI	1071214930	0	HITACHI
1118	341	336	HOFFER	2425222	0	HOFFER
1118	156	354	JAPANPARTS	2362320	0	JAPANPARTS
1118	481	355	JAPKO	1372156	0	JAPKO
1118	201	372	KAVO PARTS	657988	0	KAVO PARTS
1118	4496	399	LAUBER	279694	0	LAUBER
1118	20	413	LUCAS ELECTRICAL	6529099	0	LUCAS ELECTRICAL
1118	287	422	MAHLE ORIGINAL	1070767449	0	MAHLE ORIGINAL
1118	244	432	MEAT & DORIA	1073581581	0	MEAT & DORIA
1118	342	435	MESSMER	2147036	0	MESSMER
1118	248	472	NIPPARTS	1072658432	0	NIPPARTS
1118	127	475	NK	4948842	0	NK
1118	6298	493	ORVIP	1068015288	0	ORVIP
1118	4683	495	OSSCA	1072277191	0	OSSCA
1118	4703	500	PARTS-MALL	1073725326	0	PARTS-MALL
218	4652	505	PEMEBLA	1072931875	0	PEMEBLA
918	4837	513	PIM	1070530365	0	PIM
1118	4543	520	PowerMax	1072060624	0	PowerMax
1118	396	523	PRESTOLITE ELECTRIC	854430	0	PRESTOLITE ELECTRIC
1118	214	544	REMY	2117204	0	REMY
1118	4623	565	SAMPA	1073566375	0	SAMPA
1118	4592	566	SANDO	1071379214	0	SANDO
1118	4811	577	SERA	1071693359	0	SERA
1118	269	587	SMPE	1072384836	0	SMPE
1118	408	589	SNRA	1071824889	0	SNRA
1118	4675	603	STARLINE	240395	0	STARLINE
1117	4771	604	StartVOLT	1071789804	0	StartVOLT
1118	4595	607	STELLOX	1072498577	0	STELLOX
1118	336	611	ST-TEMPLIN	349880	0	ST-TEMPLIN
1118	151	613	SWAG	1072050097	0	SWAG
918	209	639	TRUCKTEC AUTOMOTIVE	1073638694	0	TRUCKTEC AUTOMOTIVE
1017	4620	657	UNIPOINT	1405454	0	UNIPOINT
1118	21	661	VALEO	487111	0	VALEO
518	4425	667	VEMA	1071183045	0	VEMA
1118	4346	673	VIKA	1073248618	0	VIKA
1018	4627	680	WAI	1068473193	0	WAI
1118	4832	689	WILMINK GROUP	1072329873	0	WILMINK GROUP
318	4551	706	3Effe Group	1071240889	0	3Effe Group
1018	459	350	IPS Parts	1072192527	0	IPS Parts
918	4461	367	KAISHIN	2006463	0	KAISHIN
1118	4331	583	SIEGEL AUTOMOTIVE	1073295190	0	SIEGEL AUTOMOTIVE
1118	4970	634	TRICLO	1069571082	0	TRICLO
1118	108	636	TRISCAN	2938908	0	TRISCAN
918	4598	709	3RG	1462985	0	3RG
1118	4631	54	ASVA	1280799	0	ASVA
1118	4628	57	ATI	1072128576	0	ATI
1118	300	60	AUTEX	2657047	0	AUTEX
718	4943	76	AYWIPARTS	1071225768	0	AYWIPARTS
1118	243	137	CAR	2212831	0	CAR
1118	318	146	CDX	23006	0	CDX
1118	311	152	CIFAM	1072650527	0	CIFAM
1118	186	179	DENCKERMANN	1072625539	0	DENCKERMANN
1118	371	182	DEPA	325770	0	DEPA
1118	253	185	DIEDERICHS	1073565742	0	DIEDERICHS
1118	4519	191	DJ PARTS	1073419526	0	DJ PARTS
218	4345	192	DODA	562783	0	DODA
1118	4318	208	DYNAMATRIX	1979818	0	DYNAMATRIX
1118	4135	210	DYS	172793	0	DYS
1118	4834	254	FARE SA	173316	0	FARE SA
1118	4674	257	FEBEST	1069567196	0	FEBEST
1118	4727	276	FORMPART	1072816648	0	FORMPART
1118	316	301	GENERAL RICAMBI	377678	0	GENERAL RICAMBI
1118	373	316	GSP	2225893	0	GSP
1118	262	349	IPD	1310861	0	IPD
818	185	370	KAMOKA	3491910	0	KAMOKA
1118	4522	392	KSH-KOSHIMO	1073199966	0	KSH-KOSHIMO
1118	56	408	LÖBRO	1367471	0	LÖBRO
1118	197	409	LPR	1073030065	0	LPR
1018	4600	417	LYNXauto	274221	0	LYNXauto
918	4773	431	MDR	1070531305	0	MDR
1118	121	437	METELLI	1073450054	0	METELLI
1118	94	438	METZGER	575879	0	METZGER
1118	144	439	MEYLE	2301523	0	MEYLE
1118	4653	484	ODM-MULTIPARTS	1072901433	0	ODM-MULTIPARTS
1118	129	488	OPTIMAL	3023229	0	OPTIMAL
1118	4690	501	PASCAL	1073154234	0	PASCAL
617	4558	502	PATRON	1070199160	0	PATRON
917	4686	527	PROFIT	1073022863	0	PROFIT
1118	4520	528	PROTECHNIC	1069553362	0	PROTECHNIC
818	4339	532	QUATTRO FRENI	72762	0	QUATTRO FRENI
1118	492	541	RCA FRANCE	1072307016	0	RCA FRANCE
1118	23	556	RUVILLE	4251262	0	RUVILLE
1118	297	569	sbs	1072822328	0	sbs
618	225	573	SCT Germany	4313791	0	SCT Germany
1118	50	586	SKF	2040289	0	SKF
1118	110	588	SNR	2245152	0	SNR
1118	1	599	SPIDAN	5647087	0	SPIDAN
518	433	605	STATIM	1673795	0	STATIM
1118	4758	615	TALOSA	1072517459	0	TALOSA
1118	301	629	TOPRAN	3641291	0	TOPRAN
418	4472	631	TrakMotive	932193	0	TrakMotive
518	4772	633	TRIALLI	865212	0	TRIALLI
1118	155	659	URW	112624	0	URW
1118	162	660	VAICO	1071898276	0	VAICO
617	4894	700	ZEKKERT	1068310229	0	ZEKKERT
1118	221	7	ACDelco	2478802	0	ACDelco
1118	4364	10	ACKOJAP	859578	0	ACKOJAP
1118	317	25	AKRON-MALÒ	1071685908	0	AKRON-MALÒ
1118	180	28	ALCO FILTER	1375660	0	ALCO FILTER
1118	146	34	AMC Filter	4841680	0	AMC Filter
1118	4337	70	AUTOMOTOR France	2248540	0	AUTOMOTOR France
1118	4280	74	AVS AUTOPARTS	1927015	0	AVS AUTOPARTS
1118	4702	108	BOSS FILTERS	1070471357	0	BOSS FILTERS
918	405	145	CAUTEX	1073232047	0	CAUTEX
1118	43	150	CHAMPION	1416238	0	CHAMPION
1118	163	153	CLEAN FILTERS	2258331	0	CLEAN FILTERS
718	437	164	CoopersFiaam	1071617465	0	CoopersFiaam
1118	4334	169	CSV electronic parts	1950772	0	CSV electronic parts
1018	4396	184	DIAMAX	1071788702	0	DIAMAX
816	4868	196	DONALDSON	1071440365	0	DONALDSON
1017	4948	201	Dr!ve+	1073723050	0	Dr!ve+
718	4838	265	FI.BA	1072885477	0	FI.BA
614	4659	266	FIL FILTER	1070971294	0	FIL FILTER
1118	256	267	FILTRON	3011047	0	FILTRON
1118	4581	272	FLEETGUARD	1071163309	0	FLEETGUARD
818	59	279	FRAM	3394961	0	FRAM
1118	313	286	FRIGAIR	1073628104	0	FRIGAIR
1118	4663	312	GOODWILL	1071358835	0	GOODWILL
1118	81	328	HENGST FILTER	966594	0	HENGST FILTER
1118	4689	356	JC PREMIUM	1071142313	0	JC PREMIUM
918	4378	361	JS ASAKASHI	1073629694	0	JS ASAKASHI
1118	387	378	KLAXCAR FRANCE	1071198952	0	KLAXCAR FRANCE
1118	305	382	K&N Filters	1071225218	0	K&N Filters
1118	34	383	KNECHT	3206979	0	KNECHT
1118	432	384	KOLBENSCHMIDT	1070083361	0	KOLBENSCHMIDT
918	4546	387	KRAFT AUTOMOTIVE	710219	0	KRAFT AUTOMOTIVE
718	4973	414	LUCAS FILTERS	1067070583	0	LUCAS FILTERS
1118	4	423	MANN-FILTER	4136393	0	MANN-FILTER
718	218	433	MECAFILTER	2636672	0	MECAFILTER
1118	462	440	MFILTER	1072274859	0	MFILTER
1118	249	441	MGA	492519	0	MGA
1118	4470	445	MISFAT	1900266	0	MISFAT
1118	490	462	MULLER FILTER	937291	0	MULLER FILTER
318	4944	491	OREX	1070383022	0	OREX
218	4996	499	PARKER RACOR	1072681055	0	PARKER RACOR
1118	63	504	PE Automotive	4457753	0	PE Automotive
818	38	529	PURFLUX	5691968	0	PURFLUX
518	4848	530	PZL SEDZISZOW	1073241909	0	PZL SEDZISZOW
1118	4630	563	SAKURA Automotive	1070970447	0	SAKURA Automotive
1118	4768	585	SIVENTO	1068749359	0	SIVENTO
1118	142	590	SOFIMA	1073168810	0	SOFIMA
218	92	591	SogefiPro	918228	0	SogefiPro
518	4348	597	SpeedMate	834583	0	SpeedMate
1118	4011	619	TECNECO FILTERS	1070616584	0	TECNECO FILTERS
818	91	620	TECNOCAR	3904503	0	TECNOCAR
1118	137	652	UFI	1073523882	0	UFI
618	364	655	UNIFLUX FILTERS	2217567	0	UNIFLUX FILTERS
918	4275	684	WE PARTS	1072369575	0	WE PARTS
1118	482	686	WEEN	1070274774	0	WEEN
1118	324	691	WIX FILTERS	302934	0	WIX FILTERS
1118	68	701	ZF	1627984	0	ZF
1118	4814	705	1A FIRST AUTOMOTIVE	1072862690	0	1A FIRST AUTOMOTIVE
1118	4995	79	BBR Automotive	1069269481	0	BBR Automotive
1118	140	165	CORTECO	4966738	0	CORTECO
1118	4353	198	DPA	1073267798	0	DPA
1118	4813	206	DÜRER	1070672613	0	DÜRER
1018	441	270	FISPA	2562996	0	FISPA
1018	27	581	SIDAT	1454895	0	SIDAT
1118	4664	436	Metalcaucho	1069769452	0	Metalcaucho
1118	5	510	PIERBURG	3010833	0	PIERBURG
1018	4410	550	Rosunparts	625485	0	Rosunparts
1118	4667	606	STC	1073373869	0	STC
1015	454	77	BANDO	1073335025	0	BANDO
1118	478	92	BGA	2549836	0	BGA
1118	31	162	CONTINENTAL CTAM	6193565	0	CONTINENTAL CTAM
1118	42	176	DAYCO	5965484	0	DAYCO
1118	267	252	FAI AutoParts	1072158448	0	FAI AutoParts
1118	236	273	FLENNOR	3939116	0	FLENNOR
1118	33	294	GATES	5276402	0	GATES
1118	4812	295	GATES-AU	1072551292	0	GATES-AU
1118	239	340	HUTCHINSON	1073116188	0	HUTCHINSON
1118	204	345	INA	2216036	0	INA
918	4994	446	MITSUBOSHI	50525	0	MITSUBOSHI
1118	64	487	OPTIBELT	588275	0	OPTIBELT
1118	4655	526	PROCODIS FRANCE	147229	0	PROCODIS FRANCE
916	100	553	ROULUNDS RUBBER	2426446	0	ROULUNDS RUBBER
614	4732	632	TREVI AUTOMOTIVE	75246	0	TREVI AUTOMOTIVE
715	179	670	VEYANCE	1071670436	0	VEYANCE
1118	4997	0	A.B.A	1073545860	0	A.B.A
1118	6010	97	BLOCKSTEM	1070381326	0	BLOCKSTEM
1118	4969	234	ESEN SKV	1071959594	0	ESEN SKV
1118	4319	362	JTEKT	2150287	0	JTEKT
218	293	402	LENCO	1072790161	0	LENCO
1118	292	407	LIZARTE	1071590393	0	LIZARTE
1118	6	415	LuK	5668716	0	LuK
1118	260	567	SASIC	2876008	0	SASIC
1118	431	578	SERCORE	1465976	0	SERCORE
1118	4607	579	SHAFTEC	1072948282	0	SHAFTEC
1118	4698	610	S-TR	1071371458	0	S-TR
1118	161	641	TRW	1421341	0	TRW
1017	429	683	WAT	650711	0	WAT
1118	252	702	ZF Parts	1072218652	0	ZF Parts
1018	208	95	BIRTH	2666406	0	BIRTH
1118	4657	2	ABAKUS	1072962433	0	ABAKUS
1018	435	229	EQUAL QUALITY	1072402828	0	EQUAL QUALITY
618	138	359	JOHNS	1085074	0	JOHNS
1118	78	379	KLOKKERHOLM	3633410	0	KLOKKERHOLM
1118	340	521	PRASCO	1072509362	0	PRASCO
817	187	592	SOMORA	2557485	0	SOMORA
1118	4701	638	TRUCKLIGHT	1070456186	0	TRUCKLIGHT
1118	61	651	TYC	805139	0	TYC
1118	36	662	VAN WEZEL	1073330178	0	VAN WEZEL
1118	4400	12	AD JSAutomotive	267877	0	AD JSAutomotive
1118	427	51	ASMET	2583539	0	ASMET
1118	298	53	ASSO	2341083	0	ASSO
1118	406	99	BM CATALYSTS	1070144611	0	BM CATALYSTS
1018	41	104	BOSAL	6015958	0	BOSAL
1118	233	186	DINEX	3957440	0	DINEX
1118	7	214	EBERSPÄCHER	2704837	0	EBERSPÄCHER
1118	488	218	EEC	1070912419	0	EEC
1118	29	232	ERNST	4600228	0	ERNST
1017	4941	240	EuroFlo	1070874008	0	EuroFlo
918	415	259	FENNO	1072870167	0	FENNO
1118	136	275	FONOS	4008956	0	FONOS
1018	4820	308	G+M KAT	1068773398	0	G+M KAT
418	4763	317	GT Exhausts	1072389741	0	GT Exhausts
1118	118	334	HJS	4188461	0	HJS
1118	191	343	IMASAF	3561588	0	IMASAF
1118	445	377	KLARIUS	1073365109	0	KLARIUS
1118	117	410	LRT	4205745	0	LRT
917	193	460	MTS	2751564	0	MTS
418	4873	519	POLMO	1072271680	0	POLMO
517	455	584	SIGAM	1742000	0	SIGAM
1118	357	669	VENEPORTE	1072398997	0	VENEPORTE
1118	13	681	WALKER	3036362	0	WALKER
1118	115	653	ULO	5219260	0	ULO
1118	4965	363	JUMASA	1071508819	0	JUMASA
1118	4696	497	PACOL	1068173049	0	PACOL
918	4327	518	POLIPLAST	1944836	0	POLIPLAST
1118	4555	96	BLIC	1718572	0	BLIC
1118	362	29	ALKAR	1071622317	0	ALKAR
1118	4344	224	ELTA AUTOMOTIVE	1071744414	0	ELTA AUTOMOTIVE
1118	4841	348	IPARLUX	1070162690	0	IPARLUX
1118	4680	600	SPILU	1073284545	0	SPILU
118	4582	601	SPJ	1070187317	0	SPJ
1118	139	23	AJUSA	2649232	0	AJUSA
1118	10	222	ELRING	2429500	0	ELRING
1118	237	225	ELWIS ROYAL	2073069	0	ELWIS ROYAL
1118	367	256	FA1	2034989	0	FA1
1118	88	305	GLASER	1134152	0	GLASER
1118	60	309	GOETZE	2682506	0	GOETZE
1118	4257	318	GUARNITAUTO	1966748	0	GUARNITAUTO
1118	205	478	NRF	3413345	0	NRF
1118	113	503	PAYEN	1073194083	0	PAYEN
1118	9	671	VICTOR REINZ	4374298	0	VICTOR REINZ
917	4949	647	TURBORAIL	1070758480	0	TURBORAIL
1118	173	537	RAMEDER	3040008	0	RAMEDER
1118	374	9	ACI-AVESA	1030215	0	ACI-AVESA
1118	4501	412	LUCAS	1069057418	0	LUCAS
1118	4593	621	TEDGUM	1073261351	0	TEDGUM
1118	4737	61	AUTLOG	1072181564	0	AUTLOG
1118	407	269	FIRST LINE	239360	0	FIRST LINE
1118	134	453	MOOG	1685127	0	MOOG
1118	49	85	BENDIX	5108806	0	BENDIX
1118	4427	421	Magnum Technology	1072012794	0	Magnum Technology
1118	32	559	SACHS	2476789	0	SACHS
1118	51	687	WESTFALIA	4248207	0	WESTFALIA
1118	6102	105	BOSAL-ORIS	1067284852	0	BOSAL-ORIS
1118	106	119	BRINK	2904386	0	BRINK
1118	4320	690	WITTER	1072452029	0	WITTER
1118	11	90	BERU	3346189	0	BERU
1118	206	5	A.B.S.	4084933	0	A.B.S.
1118	166	22	AISIN	1073458916	0	AISIN
117	487	40	AP Automotive Prod.	636178	0	AP Automotive Prod.
1118	3	56	ATE	5383171	0	ATE
1118	381	110	Brake ENGINEERING	3097337	0	Brake ENGINEERING
1018	195	115	BREDA LORETT	1072537835	0	BREDA LORETT
1118	65	116	BREMBO	1073494081	0	BREMBO
1118	4878	123	BSF	1072003517	0	BSF
518	4358	155	CLUTCHNUS	2135460	0	CLUTCHNUS
1118	399	244	EXEDY	2137805	0	EXEDY
1118	62	261	FERODO	5746860	0	FERODO
1118	54	288	FTE	1753821	0	FTE
1118	279	303	GIRLING	1072947219	0	GIRLING
1118	4756	337	HOLA	946208	0	HOLA
1118	48	366	JURID	3967786	0	JURID
1118	286	373	KAWE	3529763	0	KAWE
1118	4428	380	KM Germany	49222	0	KM Germany
1118	4548	405	LIPE CLUTCH	1071185218	0	LIPE CLUTCH
1118	190	465	NATIONAL	3508259	0	NATIONAL
818	400	536	RAICAM	1072135932	0	RAICAM
1018	4828	558	RYMEC	1068388971	0	RYMEC
1118	294	560	SACHS PERFORMANCE	2201111	0	SACHS PERFORMANCE
1118	39	625	TEXTAR	4071820	0	TEXTAR
1118	4693	125	BTA	1070192533	0	BTA
918	468	197	DÖNMEZ	447577	0	DÖNMEZ
918	6276	321	HAMMER	1073379213	0	HAMMER
618	392	386	KOYO	1345815	0	KOYO
916	4559	434	MECARM	1072034008	0	MECARM
1118	4694	469	NEXUS	1068234114	0	NEXUS
1118	4728	479	NSK	1070454541	0	NSK
1118	331	492	ORIGINAL IMPERIUM	3551195	0	ORIGINAL IMPERIUM
1118	4604	142	CASALS	1072789430	0	CASALS
218	4829	46	AS METAL	1072942813	0	AS METAL
1118	4845	75	AYD	179630	0	AYD
818	6263	166	CPB	1072144354	0	CPB
518	4401	171	CTR	367408	0	CTR
317	471	189	DITAS	447495	0	DITAS
1118	4003	237	ETS	1451558	0	ETS
1018	4467	277	FORTUNE LINE	1950861	0	FORTUNE LINE
1118	6101	278	FR REDAELLI	1067929920	0	FR REDAELLI
918	486	280	FRAP	1073118640	0	FRAP
316	4844	319	G.U.D.	1069851809	0	G.U.D.
1118	4879	374	KEY PARTS	1069366437	0	KEY PARTS
1118	35	401	LEMFÖRDER	2417795	0	LEMFÖRDER
1118	37	450	MONROE	5079529	0	MONROE
1118	198	483	OCAP	3207781	0	OCAP
1118	4368	533	QUICK STEER	1070009282	0	QUICK STEER
618	4708	546	RIW	1069933490	0	RIW
118	4609	551	ROTA	274423	0	ROTA
418	430	554	RTS	2957427	0	RTS
1118	4306	557	RYME	1429121	0	RYME
1118	135	582	SIDEM	2809763	0	SIDEM
917	4635	598	SPICER	1068263605	0	SPICER
1118	4414	622	TEKNOROT	1073612622	0	TEKNOROT
717	4340	623	TENACITY	1072652464	0	TENACITY
1118	4468	695	YAMATO	844602	0	YAMATO
616	4987	710	4u	1071419263	0	4u
918	4010	711	555	2411901	0	555
1118	4537	41	APEC braking	1073209550	0	APEC braking
1118	4625	327	HELLA PAGID	1069540874	0	HELLA PAGID
1018	4899	428	MAXTECH	1073043956	0	MAXTECH
1118	73	443	MINTEX	4641623	0	MINTEX
1118	12	498	PAGID	6639954	0	PAGID
1118	80	26	AKS DASIS	3096331	0	AKS DASIS
1118	105	83	BEHR HELLA SERVICE	3184343	0	BEHR HELLA SERVICE
1118	215	136	CALORSTAT by Vernet	157554	0	CALORSTAT by Vernet
518	4707	416	LUZAR	1073290198	0	LUZAR
1118	4466	626	THERMOTEC	1071400677	0	THERMOTEC
916	4606	463	NAGARES	1072794143	0	NAGARES
1118	4426	3	ABE	1071854091	0	ABE
318	4854	50	ASIMCO	1071131961	0	ASIMCO
1118	394	78	BARUM	3046388	0	BARUM
1118	4825	86	BENDIX-AU	1070648879	0	BENDIX-AU
1118	4872	118	BREMSI	1068735752	0	BREMSI
1118	6106	173	CUYMAR	1070240747	0	CUYMAR
1118	4587	175	DANAHER	1069372125	0	DANAHER
1118	309	236	E.T.F.	1227085	0	E.T.F.
1118	4986	262	FERODO RACING	1073580424	0	FERODO RACING
918	4937	271	FIT	1072337801	0	FIT
1118	4887	274	FOMAR Friction	1068969977	0	FOMAR Friction
1118	295	287	fri.tech.	1071545424	0	fri.tech.
617	4998	338	HSB GOLD	1072538512	0	HSB GOLD
1018	158	341	ICER	4462209	0	ICER
1118	4935	365	JURATEK	1068006831	0	JURATEK
1118	6207	368	KALE	1071120221	0	KALE
1118	6103	447	MK Kashiyama	1071703854	0	MK Kashiyama
1118	242	467	NECTO	2967516	0	NECTO
918	4682	471	NiBK	1070790283	0	NiBK
1018	4955	535	R BRAKE	1070816555	0	R BRAKE
1118	153	543	REMSA	497941	0	REMSA
1118	152	547	ROADHOUSE	1793728	0	ROADHOUSE
1118	4699	568	SBP	1071131956	0	SBP
1118	438	608	STOP	688197	0	STOP
1118	4377	628	TOMEX brakes	1072232002	0	TOMEX brakes
1118	199	640	TRUSTING	1073434185	0	TRUSTING
118	456	674	VILLAR	2649197	0	VILLAR
1118	366	692	WOKING	1072415085	0	WOKING
1118	86	703	ZIMMERMANN	5614778	0	ZIMMERMANN
1118	4668	140	CARLUBE Tetrosyl	1071702272	0	CARLUBE Tetrosyl
318	363	141	CARPRISS	1757261	0	CARPRISS
718	207	144	CASTROL	1348501	0	CASTROL
1118	189	151	CHAMPION LUBRICANTS	944418	0	CHAMPION LUBRICANTS
615	398	241	EUROL	958544	0	EUROL
1117	4907	390	KROON OIL	1071611267	0	KROON OIL
918	222	406	LIQUI MOLY	574686	0	LIQUI MOLY
1118	436	458	MOTUL	1073023976	0	MOTUL
118	461	540	RAVENOL	212137	0	RAVENOL
1117	361	664	VATOIL	1071393814	0	VATOIL
1118	188	693	WOLF	2685893	0	WOLF
1118	495	159	COJALI	1073179530	0	COJALI
1118	4697	517	PNEUMATICS	1072596854	0	PNEUMATICS
1118	6303	574	Seiken	1069767248	0	Seiken
1118	6104	14	ADVICS	1068810156	0	ADVICS
718	4993	111	BRAXIS	1071104532	0	BRAXIS
1118	114	128	BUDWEG CALIPER	1073719319	0	BUDWEG CALIPER
118	232	320	HALDEX	4271810	0	HALDEX
1118	4739	666	VEGE	1072682134	0	VEGE
1018	4024	24	AKEBONO	1072499751	0	AKEBONO
1118	283	39	AP	1403564	0	AP
1117	4651	67	AUTOKIT	1071530489	0	AUTOKIT
1118	4373	84	BELACO	1069928418	0	BELACO
1118	264	87	BERAL	1072757615	0	BERAL
1118	281	113	BRECK	92653	0	BRECK
1118	289	114	BRECO	1072953945	0	BRECO
1118	6008	177	DBA Australia	1068193736	0	DBA Australia
1118	278	195	DON	3526311	0	DON
817	4360	200	DriveTec	1992675	0	DriveTec
1118	266	207	DURON	1671065	0	DURON
1118	4770	238	EUROBRAKE	1071695236	0	EUROBRAKE
1118	192	251	FAG	605799	0	FAG
1118	409	283	FREMAX	1073581809	0	FREMAX
1118	500	292	GALFER	955016	0	GALFER
1118	4658	418	MABYPARTS	1071718751	0	MABYPARTS
1118	4990	474	NISSHINBO	1068616695	0	NISSHINBO
816	291	511	PILENGA	1020061	0	PILENGA
1118	4821	531	QUARO	1072374446	0	QUARO
418	4330	545	REPKIT	1185551	0	REPKIT
118	4676	552	ROTINGER	1069546995	0	ROTINGER
1118	4498	678	WAGNER	1070008320	0	WAGNER
1118	4805	121	BROVEX-NELSON	1073016942	0	BROVEX-NELSON
1118	325	147	CEF	366877	0	CEF
1118	4730	656	UNIGOM	1073329936	0	UNIGOM
1118	67	494	OSRAM	4543826	0	OSRAM
1116	4612	297	GE	1073057376	0	GE
1118	45	595	SPAHN GLÜHLAMPEN	5715747	0	SPAHN GLÜHLAMPEN
318	315	442	MICHELIN	1071657068	0	MICHELIN
1118	485	464	NARVA	1071604860	0	NARVA
1118	4671	468	NEOLUX®	88324	0	NEOLUX®
1118	75	507	PHILIPS	3794846	0	PHILIPS
918	473	132	CABOR	1435612	0	CABOR
918	4871	158	COFLE	1071644042	0	COFLE
418	4312	300	GEMO	1072415841	0	GEMO
718	4572	400	LECOY	1069246701	0	LECOY
518	263	575	SEIM	2497648	0	SEIM
1118	4692	696	YAZUKA	1072756061	0	YAZUKA
1118	16	94	BILSTEIN	2214177	0	BILSTEIN
1118	14	100	BOGE	4030920	0	BOGE
1118	4585	193	DOGA	1070510735	0	DOGA
1118	71	290	GABRIEL	5687250	0	GABRIEL
1118	18	385	KONI	3492028	0	KONI
517	4570	430	Maysan Mando	706573	0	Maysan Mando
1118	4752	451	MONROE-AU	1072349425	0	MONROE-AU
1118	4021	452	montcada	1071052871	0	montcada
1118	126	602	STABILUS	4000354	0	STABILUS
1118	4005	228	EPS	1073239231	0	EPS
1118	159	249	FACET	631025	0	FACET
1118	4006	393	KW	1072517871	0	KW
1118	388	457	MOTORAD	289776	0	MOTORAD
1118	79	679	WAHLER	4241706	0	WAHLER
1118	4272	42	APPROVED GREEN	2003993	0	APPROVED GREEN
1118	240	250	FAE	1073365970	0	FAE
1118	255	215	ECS	1681148	0	ECS
1018	4654	11	ACR	1072922973	0	ACR
518	476	62	AUTO AIR GLOUCESTER	1294878	0	AUTO AIR GLOUCESTER
1118	4656	63	AUTOCLIMA	900876	0	AUTOCLIMA
1118	247	73	AVA QUALITY COOLING	1846974	0	AVA QUALITY COOLING
217	4725	221	ELECTRO AUTO	1068084439	0	ELECTRO AUTO
1118	296	357	JDEUS	2865908	0	JDEUS
1018	4399	389	KRIOS	1871156	0	KRIOS
1118	97	677	WAECO	3468268	0	WAECO
1118	299	685	WEBASTO	1216767	0	WEBASTO
1118	467	168	CS Germany	377458	0	CS Germany
1118	4436	204	DUNLOP	1071088261	0	DUNLOP
1118	112	219	EIBACH	3758329	0	EIBACH
1118	176	375	KILEN	2642981	0	KILEN
1118	85	395	KYB	5503917	0	KYB
1118	175	403	LESJÖFORS	3628131	0	LESJÖFORS
1118	4764	429	MAXTRAC	1073047628	0	MAXTRAC
1018	4535	461	MUBEA	1073116968	0	MUBEA
1118	273	542	RECORD FRANCE	1072726076	0	RECORD FRANCE
1118	401	548	ROC	1434717	0	ROC
1118	390	612	SUPLEX	1071966298	0	SUPLEX
1118	4539	44	Arnott	1071672368	0	Arnott
1118	6097	291	Gabriel-MX	1071351890	0	Gabriel-MX
1118	6271	71	AUTO-SPEED PARTS	1071742411	0	AUTO-SPEED PARTS
1118	351	65	AUTOFREN SEINSA	2214548	0	AUTOFREN SEINSA
1118	4512	233	ERT	1788209	0	ERT
1118	178	329	HEPU	1072694444	0	HEPU
618	4849	6	Ac Rolcar	1069785712	0	Ac Rolcar
1118	4603	220	ELECTRIC LIFE	454456	0	ELECTRIC LIFE
1118	4719	404	LIFT-TEK	1073042467	0	LIFT-TEK
1118	4721	444	MIRAGLIO	1072830517	0	MIRAGLIO
1118	4394	489	opzional	1779108	0	opzional
1118	4720	516	PMM	1073681447	0	PMM
1117	4349	352	ITSA	1072820313	0	ITSA
918	4505	508	PHIRA	1858997	0	PHIRA
817	4940	263	FERRON	1073098660	0	FERRON
1117	4032	364	JUNIOR	2102494	0	JUNIOR
1118	4614	576	SEM LASTIK	555351	0	SEM LASTIK
918	6003	675	VITAL SUSPENSIONS	1073667268	0	VITAL SUSPENSIONS
1118	47	117	BREMI	5663546	0	BREMI
818	494	120	BRISK	1498997	0	BRISK
1118	246	247	EYQUEM	1975293	0	EYQUEM
1018	4523	332	HIDRIA	1072887134	0	HIDRIA
218	4726	335	HKT	1071370182	0	HKT
1118	15	470	NGK	5455265	0	NGK
1118	6264	555	Rufre	1067205558	0	Rufre
1118	4880	170	CTE	1071933516	0	CTE
1118	6002	156	CNC	1072596609	0	CNC
518	4567	213	EATON	1068671331	0	EATON
918	380	284	FRENKIT	1071308325	0	FRENKIT
817	4964	396	LA.R.A.	1071572661	0	LA.R.A.
1118	4705	449	MOBILETRON	1068748428	0	MOBILETRON
1118	145	481	NWB	1073448788	0	NWB
1118	314	514	PJ	1380737	0	PJ
1118	19	614	SWF	5611143	0	SWF
1118	227	635	TRICO	1072678038	0	TRICO
1118	154	194	DOLZ	1014026	0	DOLZ
1118	368	302	GGT	1073124379	0	GGT
818	4578	122	BRT Bearings	1337688	0	BRT Bearings
918	4463	134	CALIBER	1072174721	0	CALIBER
918	4462	381	KM International	1072105289	0	KM International
1118	330	618	TECHNOX	1150688	0	TECHNOX
1118	4679	133	CAFFARO	1072928224	0	CAFFARO
1118	52	82	BEHR	590674	0	BEHR
918	211	109	BOUGICORD	1215055	0	BOUGICORD
1118	320	459	MTE-THOMSON	1072753348	0	MTE-THOMSON
1118	4303	539	RAPRO	1073394324	0	RAPRO
1118	4717	466	NE	1070632740	0	NE
1018	469	369	KALE OTO RADYATÖR	1071752331	0	KALE OTO RADYATÖR
1018	123	473	NISSENS	5138593	0	NISSENS
918	6274	704	ZZVF	1072854693	0	ZZVF
1118	265	4	ABEX	1073248076	0	ABEX
1118	4678	157	COBREQ	860563	0	COBREQ
1117	404	281	FRAS-LE	1072575347	0	FRAS-LE
1118	6022	630	TRADEX FRANCE	1071801309	0	TRADEX FRANCE
1118	194	80	BBT	1073115632	0	BBT
818	499	699	ZAFFO	2131275	0	ZAFFO
1118	228	707	3F QUALITY	719409	0	3F QUALITY
1118	274	45	AS	3001572	0	AS
1016	359	419	MAGNAFLOW	1071537207	0	MAGNAFLOW
918	4511	694	XXLMARMITTEITALIANE	1073665023	0	XXLMARMITTEITALIANE
1118	352	91	BF	769223	0	BF
1118	235	282	FRECCIA	1217598	0	FRECCIA
1118	216	480	NÜRAL	1073154196	0	NÜRAL
1118	385	310	GOETZE ENGINE	1018981	0	GOETZE ENGINE
1118	4865	322	HASTINGS PISTON RING	1073179422	0	HASTINGS PISTON RING
1118	422	18	AHE	1071245	0	AHE
318	4688	66	AUTOGAMMA	1073529493	0	AUTOGAMMA
1118	360	617	TEAMEC	1073475688	0	TEAMEC
1018	4864	490	ORDONEZ	172367	0	ORDONEZ
1118	4898	596	SPECTRA PREMIUM	1071823972	0	SPECTRA PREMIUM
1118	220	21	AIRTEX	1073339670	0	AIRTEX
1017	4767	245	EXEDY-AU	1068182489	0	EXEDY-AU
918	4718	388	KRAFTTECH	1072682301	0	KRAFTTECH
918	470	424	MAPA	1071267667	0	MAPA
918	4561	688	WESTLAKE	834138	0	WESTLAKE
1118	96	30	AL-KO	5143262	0	AL-KO
318	4862	342	IJS GROUP	1069523340	0	IJS GROUP
1118	141	15	AE	4653669	0	AE
918	277	33	AMC	1072681855	0	AMC
1118	202	306	GLYCO	1328366	0	GLYCO
218	4460	376	KING	1073011481	0	KING
1118	6277	347	INTFRADIS	1073334194	0	INTFRADIS
1118	4691	371	KANACO	1070373104	0	KANACO
218	219	627	TIMKEN	2168158	0	TIMKEN
818	4579	69	Automotive Bearings	1073144749	0	Automotive Bearings
1118	4594	167	CRAFT BEARINGS	1072712012	0	CRAFT BEARINGS
1018	4817	188	Distribution Roues	1071994150	0	Distribution Roues
1118	4033	216	EDELMANN	1073406426	0	EDELMANN
1117	383	38	ANGLI	1073054511	0	ANGLI
918	452	112	BRECAV	1072608503	0	BRECAV
1018	411	239	EUROCABLE	2773624	0	EUROCABLE
614	397	353	JANMOR	1071981449	0	JANMOR
1118	356	624	TESLA	1070999115	0	TESLA
718	4361	248	EZ	1071095642	0	EZ
1018	303	682	WALKER PRODUCTS	681617	0	WALKER PRODUCTS
1118	182	570	SCHLÜTTER TURBOLADER	4467322	0	SCHLÜTTER TURBOLADER
1118	4743	344	IMEX	1070291491	0	IMEX
1018	4808	323	HAZET	39139	0	HAZET
1117	4999	658	ÜRO Parts	1068923027	0	ÜRO Parts
1118	4527	20	AIR FREN	1071276852	0	AIR FREN
817	4670	89	BERGKRAFT	1068265514	0	BERGKRAFT
1118	4734	326	HELLA GUTMANN	1073342686	0	HELLA GUTMANN
1118	4023	391	KS TOOLS	524617	0	KS TOOLS
1018	6009	93	BGS	1067148817	0	BGS
1118	4923	476	NORMA	1071143232	0	NORMA
918	4395	311	GOLD	879126	0	GOLD
1118	4731	411	LTM	1072854764	0	LTM
1118	4569	538	RANCHO	1073112544	0	RANCHO
1118	6099	650	TXPRO	1067935213	0	TXPRO
1118	6098	654	Ultra Chromium MX	1070506127	0	Ultra Chromium MX
1018	4942	202	DSS	1070587597	0	DSS
1118	181	304	GK	1072787336	0	GK
1118	4924	1	ABA	1072701322	0	ABA
1118	345	454	MOTAIR TURBO	1706364	0	MOTAIR TURBO
1118	447	512	PILKINGTON	2324256	0	PILKINGTON
1018	4912	299	GEDORE	1071706473	0	GEDORE
1118	310	313	GRAF	3467370	0	GRAF
1118	312	394	KWP	1071745394	0	KWP
518	4712	398	LASO	1072871709	0	LASO
1117	4026	672	VIGOR	152659	0	VIGOR
1118	4742	127	BUCHLI	1069506804	0	BUCHLI
1118	4384	226	EMINOX	1073114863	0	EMINOX
618	4958	314	GREENCAR Automotive	1071857216	0	GREENCAR Automotive
1018	122	482	OBERLAND	696605	0	OBERLAND
1118	109	129	BUGATTI	450840	0	BUGATTI
317	4741	268	FINWHALE	1071711722	0	FINWHALE
1118	245	564	Saleri SIL	2691934	0	Saleri SIL
1018	4972	55	ASYSUM	1067048356	0	ASYSUM
1118	4336	346	INTERVALVES	2257713	0	INTERVALVES
518	464	496	OSVAT	1514491	0	OSVAT
1118	347	642	TRW Engine Component	1072748771	0	TRW Engine Component
618	4372	506	PETEC	1070209838	0	PETEC
1118	4317	397	LASER TOOLS	1214009	0	LASER TOOLS
1118	128	81	BE TURBO	1072972619	0	BE TURBO
718	4866	43	ARAL	1072280325	0	ARAL
818	4449	448	MOBIL	970463	0	MOBIL
318	169	522	PRESTO	1592569	0	PRESTO
618	4314	580	SHELL	1069505689	0	SHELL
818	389	307	GLYSANTIN	2274034	0	GLYSANTIN
1118	4333	524	Prestone	2220445	0	Prestone
1118	4695	139	CARGOPARTS	1073643022	0	CARGOPARTS
618	4457	593	SONAX	1072599345	0	SONAX
318	168	456	MOTIP	1565230	0	MOTIP
318	167	205	DUPLI COLOR	3823748	0	DUPLI COLOR
1018	4402	697	YENMAK	58541	0	YENMAK
1118	377	107	BOSCH DIAGNOSTICS	2069979	0	BOSCH DIAGNOSTICS
916	4824	358	JMP	1069584215	0	JMP
1118	4911	31	ALLIGATOR	1069462074	0	ALLIGATOR
918	4662	339	HUF	1070802400	0	HUF
718	4946	571	SCHRADER	1070375083	0	SCHRADER
618	327	102	BorgWarner	2663085	0	BorgWarner
118	4615	293	GARRETT	1069027880	0	GARRETT
1118	4416	296	GCG TURBOS AUSTRALIA	621259	0	GCG TURBOS AUSTRALIA
618	326	572	SCHWITZER	1072983104	0	SCHWITZER
1118	4885	644	turbo by Intec	1073177891	0	turbo by Intec
818	4830	645	TURBO MOTOR	1072430894	0	TURBO MOTOR
1118	4362	646	TURBO-MOT	1994889	0	TURBO-MOT
1118	382	648	TURBO'S HOET	3146771	0	TURBO'S HOET
1118	6107	649	TURBOS MIGNE	1073727752	0	TURBOS MIGNE
818	328	708	3K	2007604	0	3K
1115	4481	138	CARBOX	840295	0	CARBOX
1118	4342	616	TCMATIC	1072684354	0	TCMATIC
515	4357	190	DIVINOL	300840	0	DIVINOL
418	4367	609	STOP&GO	1040734	0	STOP&GO
1118	483	154	ClimAir	288448	0	ClimAir
1118	319	135	CALIX	1072977892	0	CALIX
515	4760	181	DENSO-AU	1071495309	0	DENSO-AU
